Workbook
Name Group: สรุปตามหมวด!$A$2:$A$17

Sheet รายการทั้งหมด
A1: วันที่ | B1: รายรับ (บาท) | C1: รายจ่าย (บาท) | D1: รายละเอียด | E1: หมวดหมู่ | F1: ยอดสุทธิ (บาท) | G1: Column1
A2: 46266 | B2: 120000 | C2: 0 | D2: เงินกู้รถยนต์ | E2: เงินทุน | F2: =B2-C2 -> 120000 | G2: Done
A3: 46269 | B3: 0 | C3: 8800 | D3: ค่าเช่าบ้าน | E3: สำนักงาน/เอกสาร | F3: =B3-C3 -> -8800 | G3: Done
A4: 46270 | B4: 0 | C4: 1500 | D4: ค่าน้ำมัน | E4: ค่าเดินทาง | F4: =B4-C4 -> -1500 | G4: Done
A5: 46271 | B5: 0 | C5: 2500 | D5: ติดฟลิม รถยนต์ | E5: ซ่อมบำรุงรถยนต์ | F5: =B5-C5 -> -2500 | G5: Done
A6: 46273 | B6: 0 | C6: 1000 | D6: เติมน้ำมัน | E6: ค่าเดินทาง | F6: =B6-C6 -> -1000 | G6: Done
A7: 46273 | B7: 0 | C7: 3700 | D7: ค่าซ่อมรถ (เปลี่ยนยาง 2 เส้น) | E7: ซ่อมบำรุงรถยนต์ | F7: =B7-C7 -> -3700 | G7: Done
A8: 46277 | B8: 0 | C8: 1000 | D8: เติมน้ำมัน | E8: ค่าเดินทาง | F8: =B8-C8 -> -1000 | G8: Done
A9: 46277 | B9: 0 | C9: 2400 | D9: ค่ากล้องหน้ารถ | E9: อุปกรณ์รถยนต์ | F9: =B9-C9 -> -2400 | G9: Done
A10: 46277 | B10: 0 | C10: 280 | D10: ค่ากระเป๋าเครื่องมือ (ใบเล็ก) | E10: อุปกรณ์/เครื่องมือ | F10: =B10-C10 -> -280 | G10: Done
A11: 46277 | B11: 0 | C11: 550 | D11: ออฟฟิศเมท (อุปกรณ์สำนักงาน) | E11: สำนักงาน/เอกสาร | F11: =B11-C11 -> -550 | G11: Done
A12: 46277 | B12: 0 | C12: 1080 | D12: เสื้อฟอร์ม 3 ตัว | E12: เครื่องแต่งกาย | F12: =B12-C12 -> -1080 | G12: Done
A13: 46279 | B13: 0 | C13: 1500 | D13: เติมน้ำมัน | E13: ค่าเดินทาง | F13: =B13-C13 -> -1500 | G13: Done
... A48: 46303 | B48: 0 | C48: 1317 | D48: ที่ยิงอุณภูมิ | E48: อุปกรณ์/เครื่องมือ | F48: =B48-C48 -> -1317 | G48: Done
A49: รวมทั้งหมด | B49: =SUM(B2:B48) -> 238508 | C49: =SUM(C2:C48) -> 166109 | F49: =SUM(F2:F48) -> 72399

Sheet สรุปตามหมวด
A1: หมวดหมู่ | B1: รายรับ | C1: รายจ่าย | D1: สุทธิ
A2: ค่าเดินทาง | B2: =SUMIF(รายการทั้งหมด!$E$2:$E$48,A2,รายการทั้งหมด!$B$2:$B$48) -> 0 | C2: =SUMIF(รายการทั้งหมด!$E$2:$E$48,A2,รายการทั้งหมด!$C$2:$C$48) -> 14690 | D2: =B2-C2 -> -14690
A3: ซ่อมบำรุงรถยนต์ | B3: =SUMIF(รายการทั้งหมด!$E$2:$E$48,A3,รายการทั้งหมด!$B$2:$B$48) -> 0 | C3: =SUMIF(รายการทั้งหมด!$E$2:$E$48,A3,รายการทั้งหมด!$C$2:$C$48) -> 16850 | D3: =B3-C3 -> -16850
A4: อุปกรณ์รถยนต์ | B4: =SUMIF(รายการทั้งหมด!$E$2:$E$48,A4,รายการทั้งหมด!$B$2:$B$48) -> 0 | C4: =SUMIF(รายการทั้งหมด!$E$2:$E$48,A4,รายการทั้งหมด!$C$2:$C$48) -> 2400 | D4: =B4-C4 -> -2400
A5: อุปกรณ์/เครื่องมือ | B5: =SUMIF(รายการทั้งหมด!$E$2:$E$48,A5,รายการทั้งหมด!$B$2:$B$48) -> 0 | C5: =SUMIF(รายการทั้งหมด!$E$2:$E$48,A5,รายการทั้งหมด!$C$2:$C$48) -> 3750 | D5: =B5-C5 -> -3750
A6: สำนักงาน/เอกสาร | B6: =SUMIF(รายการทั้งหมด!$E$2:$E$48,A6,รายการทั้งหมด!$B$2:$B$48) -> 0 | C6: =SUMIF(รายการทั้งหมด!$E$2:$E$48,A6,รายการทั้งหมด!$C$2:$C$48) -> 58753 | D6: =B6-C6 -> -58753
A7: เครื่องแต่งกาย | B7: =SUMIF(รายการทั้งหมด!$E$2:$E$48,A7,รายการทั้งหมด!$B$2:$B$48) -> 0 | C7: =SUMIF(รายการทั้งหมด!$E$2:$E$48,A7,รายการทั้งหมด!$C$2:$C$48) -> 2460 | D7: =B7-C7 -> -2460
A8: จดทะเบียน/ค่าธรรมเนียม | B8: =SUMIF(รายการทั้งหมด!$E$2:$E$48,A8,รายการทั้งหมด!$B$2:$B$48) -> 0 | C8: =SUMIF(รายการทั้งหมด!$E$2:$E$48,A8,รายการทั้งหมด!$C$2:$C$48) -> 10476 | D8: =B8-C8 -> -10476
A9: ซื้อขายอุปกรณ์ | B9: =SUMIF(รายการทั้งหมด!$E$2:$E$48,A9,รายการทั้งหมด!$B$2:$B$48) -> 3186 | C9: =SUMIF(รายการทั้งหมด!$E$2:$E$48,A9,รายการทั้งหมด!$C$2:$C$48) -> 3186 | D9: =B9-C9 -> 0
A10: รายได้จากกิจการ | B10: =SUMIF(รายการทั้งหมด!$E$2:$E$48,A10,รายการทั้งหมด!$B$2:$B$48) -> 115322 | C10: =SUMIF(รายการทั้งหมด!$E$2:$E$48,A10,รายการทั้งหมด!$C$2:$C$48) -> 0 | D10: =B10-C10 -> 115322
A11: เงินเดือน | B11: =SUMIF(รายการทั้งหมด!$E$2:$E$48,A11,รายการทั้งหมด!$B$2:$B$48) -> 0 | C11: =SUMIF(รายการทั้งหมด!$E$2:$E$48,A11,รายการทั้งหมด!$C$2:$C$48) -> 0 | D11: =B11-C11 -> 0
A12: ค่าใช้จ่ายครัวเรือน | B12: =SUMIF(รายการทั้งหมด!$E$2:$E$48,A12,รายการทั้งหมด!$B$2:$B$48) -> 0 | C12: =SUMIF(รายการทั้งหมด!$E$2:$E$48,A12,รายการทั้งหมด!$C$2:$C$48) -> 21000 | D12: =B12-C12 -> -21000
A13: อื่น ๆ | B13: =SUMIF(รายการทั้งหมด!$E$2:$E$48,A13,รายการทั้งหมด!$B$2:$B$48) -> 0 | C13: =SUMIF(รายการทั้งหมด!$E$2:$E$48,A13,รายการทั้งหมด!$C$2:$C$48) -> 0 | D13: =B13-C13 -> 0
... A17: งาน UPS/อุปกรณ์ | B17: =SUMIF(รายการทั้งหมด!$E$2:$E$48,A17,รายการทั้งหมด!$B$2:$B$48) -> 0 | C17: =SUMIF(รายการทั้งหมด!$E$2:$E$48,A17,รายการทั้งหมด!$C$2:$C$48) -> 18500 | D17: =B17-C17 -> -18500
A18: รวมทั้งหมด | B18: =SUM(B2:B17) -> 238508 | C18: =SUM(C2:C17) -> 166109 | D18: =SUM(D2:D17) -> 72399

Sheet สรุปรายเดือน
A1: เดือน | B1: รายรับ | C1: รายจ่าย | D1: สุทธิ
A2: กันยายน 2569 | B2: =SUMIFS(รายการทั้งหมด!$B$2:$B$48,รายการทั้งหมด!$A$2:$A$48,">="&DATE(2026,9,1),รายการทั้งหมด!$A$2:$A$48,"<"&DATE(2026,10,1)) -> 238508 | C2: =SUMIFS(รายการทั้งหมด!$C$2:$C$48,รายการทั้งหมด!$A$2:$A$48,">="&DATE(2026,9,1),รายการทั้งหมด!$A$2:$A$48,"<"&DATE(2026,10,1)) -> 103036 | D2: =B2-C2 -> 135472
A3: ตุลาคม 2569 | B3: =SUMIFS(รายการทั้งหมด!$B$2:$B$48,รายการทั้งหมด!$A$2:$A$48,">="&DATE(2026,10,1),รายการทั้งหมด!$A$2:$A$48,"<"&DATE(2026,11,1)) -> 0 | C3: =SUMIFS(รายการทั้งหมด!$C$2:$C$48,รายการทั้งหมด!$A$2:$A$48,">="&DATE(2026,10,1),รายการทั้งหมด!$A$2:$A$48,"<"&DATE(2026,11,1)) -> 63073 | D3: =B3-C3 -> -63073
A4: รวมทั้งหมด | B4: =SUM(B2:B3) -> 238508 | C4: =SUM(C2:C3) -> 166109 | D4: =SUM(D2:D3) -> 72399
